1문장 영어,1문장 한글,1문장 중국어,2 단어 영어,2 단어 한글,1글자 중국어,알파벳 영어,2단어 중국어
GidarinX,민국이,成就星,squid,오징어,金,a,乌贼
gippaHana,거대종우,冒险者X,octopus,문어,寿,b,章鱼
NoReX,보현,阿尔斯怒火,rope,경로당,梦,c,敬老院
DropStar,주먹왕보현,自行逃脱,doggy,채찍,鬼,d,鞭子
BlingNova,보주먹현,闪耀新星,warrior,파괴자,福,e,破坏者
ThinkStorm,기획무용론자,烈焰燃烧X,berserker,구독,禄,f,订阅
FlameRise,다짱,书虫X,knight,밧줄,爱,g,绳索
SenCenX,다정이,勇敢之夜,hoar,눈물,山,h,眼泪
WhiPz,Dominic,放松模式,armii,전사,竹,i,战士
D3stR0y,식기세척후라,伙伴枢纽,shinjo,고독한,草,j,孤独的
SubZcriber,초갓스장인,烹饪狂热,tears,단어,日,k,单词
Econova,야필승2231,宇宙信号,warrior,새앵각,天,l,新想法
PerforMax,멍구러니,创意头脑,lonely,시른데,马,m,不想要
EduXpert,브레드,毁灭者,word,폭격기,月,n,轰炸机
techSage,천냥,舞动狂潮,berger,잼민,雪,o,小孩
DreamXcape,테구테구,坠落之星,burger,로리,鹿,p,萝莉
WeathRage,daj_ng,梦想之境,fall,카운터,电,q,反击
JumpRush,cargold,经济风暴,autumn,가을,水,r,秋天
speechaos,carsilver,教育大师,puppy,강아지,雨,s,小狗
adv3nturX,경로당파괴자,终极失败,lecture,강의,狐,t,讲座
CosmoSign,실버타운실세,环境真实,game,게임,龙,u,游戏
SkyJetX,치자피자,健身达人,winter,겨울,猫,v,冬天
GlowVibe,마곡동피바다,探索专家,result,결과,魔,w,结果
PeakTrek,느그랜드,自由战士,season,경제,海,x,经济
IndusX,3년차기획자,狂欢节X,cat,계절,星,y,季节
ThynkStorm,기획모의면접,飞行喷射X,space,고양이,勇,z,猫
AchieveX,이즌쉬럼블리,闪光振动,study,공간,神,1,空间
chillMode,홍삼캔디압수,巅峰之旅,past,공부,蛇,2,学习
EpicFailz,유민,工业先锋,fruit,공연,云,3,表演
SunVibe,잼돌이,思维风暴,science,과거,鱼,4,过去
ReS3archX,멍멍미션,胜利之巅,cloud,과일,石,5,水果
The4trix,지우개디펜스,冷静模式,painting,과학,风,6,科学
PracT1ce,구독좋아요알,史诗失败,wait,교육,花,7,教育
CookCraze,기어써드22,烈日之魂,rejo,구름,光,8,云
BraveNite,모르는개산책,研究专家,climate,그림,战,9,画
Univex,애견카페1짱,剧场之神,flower,기술,雷,0,技术
ExerFiTz,봉규스박보검,实践大师,tree,기후,虎, ,气候
HahaLOLX,반지하의제황,勇气之夜,singing,꽃,鸟, ,花
MediCore,양귀목뒤,宇宙探险X,elderly,꿈꾸는,火, ,做梦的
InterNexus,커피바가,运动达人,running,나무,木, ,树
GrowSaga,운빨좆망겜같,欢乐无限,racing,날씨,土, ,天气
NatuRage,해달이갓겜,医疗大师,animal,노인,空, ,老人
FreedumX,맥날케챱도둑,互联网枢纽,falling,달리기,心, ,跑步
Bikescape,고양이타운,成长传奇,goal,달리는,熊, ,奔跑
ttteleXon,고양잉몰,自然狂热,water,동물,狗, ,动物
P0litX,바텀다크,自由先锋,wind,뛰는,狼, ,跳跃
CreativeMindz,개똥겜웨하냐,自行车狂人,muse,말하는,地, ,说话
Vegomaster,닉네임을적어,电话先锋,shining,모험,1, ,冒险
Bo0kWormX,고무고무통난,政治智者,star,목표,2, ,目标
Teenova,도련님제거기,创意达人,reward,물,3, ,水
PhyEdX,경로당야차룰,蔬菜大亨,parent,바람,4, ,风
GoalStomp,어묵이,书籍奇才,anger,박물관,5, ,博物馆
FestXtreme,빨망좋통겜,青少年先锋,light,별,6, ,星星
dd4nceRush,g햄부기,体育之王,apple,별자리,7, ,星座
FrndZone,모비노기망겜,足球大师,person,보상,8, ,奖励
QuizWiz,디펜쳐갓흥겜,狂欢派对X,deer,부모,9, ,父母
BlazeBurnX,린저씨아웃,社交之友,pHoto,분노,0, ,愤怒
ExplorXpert,햄부기,问答王者,soCE,비행기,星,,飞机
ZenPeace,햄부기부기,燃烧烈焰X,world,빛,月,,光
ViewScape,Mr딸배,和平信使,time,빛나는,光,,闪耀的
SkoolRush,야수오장인,景色之境,clock,사과,火,,苹果
Plan3tX,빛의조율자,校园英雄,plant,사람,风,,人
InnovatrX,은하파편,行星探索X,child,사슴,雪,,鹿
bowHereX,서리늑대,创新先锋,fox,사진,云,,照片
SibLinx,기억의파동,现实旅者,art,사회,雷,,社会
EnviReal,초코폭탄,兄弟连X,crying,산,电,,山
Companexus,마법회로,环保卫士,food,산업,梦,,产业
Tr4inMode,유성부스터,企业巨头,work,성과,影,,成果
FlowRage,구름전사,训练大师,job,세상,夜,,世界
F4udrX,달빛파수꾼,流动风暴,car,쉬는,空,,休息
AlsmFury,심연추적자,神秘影者,sky,시간,雨,,时间
HONGG,깃털검객,阿尔斯之怒,sun,시계,音,,时钟
llllll,흑화냥이,电子猫,hoPe,식물,林,,植物
llllllllll,전광석화,碎片星辰,king,실패,蓝,,失败
reddooin,무한코어,夜行者,lol,아이,冰,,孩子
mysterYi,마법드론,梦里点点,god,여름,阳,,夏天
E Yester,태풍의눈,可爱多多,james,여우,幻,,狐狸
tesle2r,고요한질주,不讲武德,pixel,연구,墨,,研究
tessink,폭풍검무,电量告急,nova,연극,白,,戏剧
warriman,플라스마냥,暴走萝卜,drift,연습,黑,,练习
drillman23,안개속진실,数据幽灵,zap,예술,赤,,艺术
cheezza,초신성소환사,甜辣少女,flick,요리,紫,,烹饪
pepperlonely,감성로봇,雾中漫步,loop,용기,金,,勇气
sssanic,별빛이정표,宇宙迷路,dust,우주,银,,宇宙
velachiho,검은토끼,再睡五分钟,cloud,운동,玉,,运动
wltmddl,망각코드,闪电仓鼠,mint,울는,心,,哭泣
rhehrgks,빛나는감자,挂机王者,bit,웃는,灵,,微笑
asdasd,블루파동,社恐小霸王,pop,음식,魂,,食物
b312dsd,용암정령,程序崩了,echo,의료,幻,,医疗
d2w2sa,섀도우펭귄,发呆机器人,chill,인터넷,龙,,互联网
qr2v5,차가운진실,秒退选手,glitch,일,虎,,工作
qaa1,낙뢰검사,下次一定,byte,자라는,狐,,成长的
fdffowfow,고장난AI,暗影小熊,buzz,자연,鸟,,自然
dfda222,달콤한위험,白日梦游,maze,자유,鱼,,自由
gasg211,재부팅중,乱点技能,rush,자전거,花,,自行车
agas22,버그헌터,今日摆烂,vibe,전화,叶,,电话
sacsa214,야성의프로토타입,小猫不营业,tilt,정치,森,,政治
tohng2,수정날개,冰淇淋暴击,core,직업,竹,,职业
Kwagmh,사이버정령,感情过载,shade,차,香,,车
ByteFury,노을의방랑자,节奏掉线,frost,창의성,露,,创造力
ShadowGear,고양이조종사,速逃中,crash,채소,霞,,蔬菜
NovaDrift,번개도적,星河点点,dash,책,晨,,书
ZeroPulse,인공지능도깨비,摸鱼第一名,fluff,청소년,暮,,青少年
IronSpecter,눈물의데이터,空格旅行者,twist,체육,晴,,体育
EchoSynth,혼돈의기계,代码暴风雨,bop,축구,霜,,足球
PixelRaid,펄스창,别催我上线,zing,축제,寒,,节日
NeonVortex,쓸쓸한블록,躺赢天才,mood,춤추는,柔,,跳舞的
CodeWraith,코딩요정,辣椒牛奶,snug,친구,舞,,朋友
PhantomBit,무지개핵,灵魂掉线中,fuzz,퀴즈,静,,测验
GlitchHawk,영혼프레임,随机掉落,blip,탐험,默,,探索
CyberMoth,지옥의알고리즘,梦境编译器,wisp,태양,淡,,太阳
RustByte,엔드오브루프,闪现走位怪,nudge,평화,烈,,和平
LogicWolf,행복회로폭주중,月亮逃跑了,flicker,풍경,燃,,风景
QuantaCore,깻잎논쟁마스터,正在加载中,lurk,하늘,燃,,天空
MechaSpire,단짠폭격기,表情包小贩,skip,학교,炫,,学校
DroneSpark,투명인간아님주의,不想起床星人,shy,행성,炽,,行星
SynthFang,오조오억번실패,浪味仙女,daze,혁신,狂,,创新
AxonTide,이세계버튼,心跳超频中,snack,현재,疾,,现在
CoreRanger,냉동인간각,喝奶狂魔,lazy,형제,影,,兄弟
DataPhantom,스압주의요정,时间的裂缝,noob,환경,刃,,环境
VoltSlash,어쩔라구챌린지,糖分修复者,cringe,회사,刃,,公司
NanoBlitz,무지성클릭러,假装很努力,moodie,훈련,锋,,训练
FrostCircuit,심장박동99퍼,喵喵术士,zapster,흐르는,幽,,流动的
ViralCore,피로회복젤리,再点我试试,twinkle,희망,奇,,希望
SteelWarden,이불밖위험해,地球打工人,starlight,민,妙,,民
QuantumFade,텅장요정,睡觉大过天,cotton,종,萌,,宗
PulseCrawler,리얼충동구매,梦游便利店,rainy,지,甜,,智
GhostCompiler,존버의신,非主流星星,cozy,혜,笑,,惠
AetherDrive,급발진러,拖延症候群,soda,지혜,怒,,智慧
BladeSignal,회식불참권,偷吃小龙虾,dream,깅,梦,,金
CryoHex,잠들면안돼,网络小透明,sparkle,낑,渊,,斤
NeuroSpark,눈물주의보,情绪怪兽,moon,킹,蓝,,王
BitSentinel,아무생각없음,暴击气泡水,star,깽,锋,,庆
IonShade,딥다크판타지,今日零产出,peach,개같이,辰,,像狗一样
PixelPhantom,몰입주의자,月亮冲我笑,toast,땅딸,璃,,矮小
MechaBolt,에너지제로,猫耳信号差,honey,땅딸보,珀,,矮个子
GlitchNova,만렙비관주의자,内存告急,jelly,어택,辰,,攻击
ZeroTrace,웃참챌린지,持续掉线中,butter,누가다,澈,,打杂
EchoRift,하이텐션요괴,神秘不在线,candle,타이루,凡,,泰鲁
CircuitSpecter,지각마스터,加血加到吐,ocean,딸배,宙,,外卖员
WarpDrone,스케줄잃어버림,萌翻预警,berry,븅,曦,,傻瓜
DarkCascade,피드요정,摸鱼到退休,cocoa,지읃,辰,,相同
NeonCrypt,카페인좀만더,游戏加载失败,magic,같은,御,,养老院
AxonBlade,주말도망러,黑眼圈仙子,leaf,노인정,玖,,顶级讲师
CipherHowl,연차장인,反派未上线,flower,1타강사,尘,,银
TurboWraith,밤샘예정자,请勿打扰我,snow,실버,炫,,弱者
SyncVortex,티끌모아파산,奶茶掉线,fox,약자,岚,,蔑视
NanoShade,오운완챌린저,思维卡顿中,sky,멸시,絮,,阿伦
CoreBlitz,아싸감성러,喵语字幕组,tiger,알룬,语,,支柱
VoltRider,메세지읽씹러,下一站躺平,angel,지추,竹,,夹持
CryoPulse,급식트리거,吃瓜守门人,bubble,쟈추,澜,,基佬
QuantumSting,현생과몰입,情绪加载器,vortex,게이야,舟,,
IronCipher,자낳괴예정자,空气感队友,riot,달빛,弦,,
NeonGlitch,돈길만걷자,走神特派员,pulse,고양이,影,,
ByteStorm,무야호프로젝트,下班即失联,neon,조각,幽,,
ChromeWarden,그만좀사조,偷偷在逃,haze,별,澈,,
ZeroGhost,엔빵요청러,今晚不熬夜,synth,소다,舟,,
PulseClaw,인생리셋버튼,精神恍惚中,gloom,비눗방울,徽,,
TechVibe,말걸지마요,打不过就卖萌,phase,햇살,弈,,
SpectraEdge,꾸안꾸장인,拯救拖延症,blaze,파도,烁,,
MechaFlare,도파민중독자,掉线星探,static,버터,羽,,
GlitchTiger,잠적예정임,三分钟热度怪,rave,딸기,晴,,
NanoKnight,생존스킬장착중,假装社牛中,shade,초코,悠,,
BitGhost,현생도망러,背锅小能手,snare,눈꽃,朔,,
IonBreaker,냉정한관망러,拒绝营业中,bypass,바람,棠,,
ShadowForge,시간순삭러,咕咕王子,flux,토끼,漠,,
CoreReaper,치킨은진리,尴尬症发作,binary,감성,峻,,
RiftWalker,밈수집가,自由掉线人,cipher,소리,璃,,
CodeSpecter,눈치챘으면미안,沉浸式发呆,chrome,우주,墨,,
RustVibe,피로사망예정자,月亮不营业,echo,봄날,朵,,
DataClash,무지성할인러,设定崩坏中,jam,기억,沁,,
SyncBreaker,회피성공러,灵魂半离线,slide,하늘,澄,,
EchoBolt,말걸면리셋됨,可可西狂想,glitch,노을,陌,,
CyberTrace,잠시만인생좀,网线扯断者,zapper,구름,歌,,
DarkIon,예상적중러,奶油脾气,dash,별똥별,宵,,
PhaseMancer,월급도둑후보,月球挂机中,crash,열매,岚,,
PulseShroud,버튼고장남,今日运势差,ignite,반짝임,曜,,
MetaRanger,간식도둑,键盘恋人,latch,편지,凝,,
ByteDrill,시선회피기술자,浪漫芯片,boost,달콤,晴,,
PlasmaSnare,밥값못함주의,瞬移失败,drift,조약돌,翎,,
SynthShock,이모지중독자,脑洞制造机,plasma,설탕,镜,,
WirePhantom,어쩔티비전문가,对话框未读,quake,폭신,遥,,
BinaryTide,하이텐션주의,情绪不配合,snipe,젤리,熙,,
GearSpecter,상상과몰입중,猫薄荷过量,stealth,나무,,,
NeuroGaze,기억삭제요청,假装很专注,nova,순간,,,
AxonBreaker,선넘지말기,表情加载中,flick,노래,,,
HexCrawler,밸런스붕괴중,点赞鬼才,byte,흔적,,,
FrostNova,위기탈출넘버원,柠檬电波,zap,여행,,,
QuantumFang,내일의나에게맡김,代码写我,rogue,물결,,,
BitShade,기절각,无人回复区,clutch,빛,,,
NanoStryke,오늘은노답,精神住户不在,snag,소금,,,
DroneWisp,감성배터리0퍼,蓝牙未连接,wrecker,사랑,,,
CodeVenom,혼자놀기장인,数据躺平中,blur,몽글,,,
PixelSurge,존재감0퍼,发疯预备中,nexus,하모니,,,
MechaFrost,구독취소각,网络感冒了,slice,숨결,,,
CyberShade,무야호소리질러,小龙虾观察员,loop,고요,,,
CircuitHowl,반응속도딸림,神游少年,tilt,그림자,,,
VoidRunner,모르는척장인,喵喵未认证,scrap,시간,,,
CryoByte,기한지남주의,喜欢偷懒的云,fizz,잔상,,,
StaticGhost,소확행헌터,收藏夹满了,sting,마음,,,
NotYourType,힐링각잡음,穿搭加载失败,knock,선물,,,
SleepyPixel,이대로괜찮은가,放空任务中,zip,새벽,,,
LowKeyLegend,약속기억안남,脑内打架中,sync,이불,,,
WiFiGone,인싸흉내러,饮料小怪兽,warp,망상,,,
CtrlMeMaybe,버스탑승완료,梦境缓存中,morph,밸런스,,,
MoodSwingz,TMI중독러,理智已售罄,slash,깻잎,,,
404Vibes,오늘하루도잼없음,社交技能待升级,bolt,현생,,,
IDontCode,혼잣말하는중,角色崩坏中,slip,감성,,,
GhostingU,현타주의보,零感输入中,scrim,중독,,,
DramaLoader,기분묘함주의,内心小剧场,spark,코딩,,,
LateAgainLOL,어차피내일도이럼,输出缓冲中,jolt,눈치,,,
SnackModeOn,불금에잠듦,挂机灵魂,flair,위기,,,
LaggingQueen,이불밖금지,浪味编程师,glint,피로,,,
JustAFiler,과몰입중,轻飘飘上线,swipe,하이텐션,,,
BusyBuffering,퇴근각잡음,放空中请稍后,pop,마감,,,
SadReactOnly,감정오류남,奶茶星侦探,buzz,알잘딱,,,
TypoMonster,잔고주의보,隐藏属性满格,grit,쿠키,,,
PingMePlz,지각단골,眼神防御中,spike,잔상,,,
OutOfEnergy,무념무상러,超频思考者,rush,쫀쫀,,,
Crybaby.exe,잠듦주의,我不是NPC,thump,펑크,,,
ZzzMachine,텅빈생각통,甜咸冲突者,snug,틈새,,,
Apple,눈치챙겨,请勿追更我,dazzle,과몰입,,,